##BLOCKS= 15,,,,,,,,,,,,,,,,,,,,
Plate:,EC- Ampi + Genta,1.3,PlateFormat,Endpoint,Absorbance,Reduced,FALSE,1,,,,,,1,600,1,12,96,1,8
,,1,2,3,4,5,6,7,8,9,10,11,12,,,,,,,
,,0.004933333,0.419933333,0.831933333,1.053633333,1.075233333,1.090733333,1.112333333,1.084033333,1.096833333,1.102433333,1.010533333,0.000133333,,,,,,,
,,0.106733333,0.443933333,0.936533333,1.054233333,1.144533333,1.141033333,1.107733333,1.095533333,1.127833333,1.053833333,1.020833333,0.000433333,,,,,,,
,,0.043633333,0.545433333,1.007533333,1.091533333,1.156233333,1.187033333,1.156833333,0.991633333,1.019233333,0.883933333,1.030733333,-0.000566667,,,,,,,
,,-0.005366667,-0.005266667,-0.005366667,-0.005266667,-0.004866667,-0.004966667,-0.005266667,-0.004866667,-0.004666667,-0.004766667,-0.004866667,-0.004566667,,,,,,,
,,-0.000966667,-0.000566667,-0.000866667,-0.000766667,-0.000766667,0.195333333,0.596033333,0.386633333,0.667733333,1.018533333,-0.005266667,-0.005066667,,,,,,,
,,-0.002066667,-0.002566667,-0.002066667,-0.001366667,-0.002366667,-0.001566667,0.593633333,0.892933333,0.937133333,0.967033333,-0.005366667,-0.005066667,,,,,,,
,,-0.002966667,-0.001766667,-0.002666667,-0.001666667,-0.001766667,-0.002566667,0.748833333,0.901933333,1.012833333,0.637533333,-0.005866667,-0.006166667,,,,,,,
,,-0.007166667,-0.005766667,-0.006366667,-0.006566667,-0.006266667,-0.006266667,-0.006466667,-0.006766667,-0.007266667,-0.005866667,-0.005966667,-0.005766667,,,,,,,
,,,,,,,,,,,,,,,,,,,,
~End,,,,,,,,,,,,,,,,,,,,
Plate:,EC - Kana +Poly,1.3,PlateFormat,Endpoint,Absorbance,Reduced,FALSE,1,,,,,,1,600,1,12,96,1,8
,,1,2,3,4,5,6,7,8,9,10,11,12,,,,,,,
,,-0.0012,-0.0006,-1.00E-04,-0.0007,-0.0007,-0.0006,-0.0006,0.769,0.8522,0.9664,-0.0032,-0.0009,,,,,,,
,,-0.0007,-0.0002,0.0004,0,0,0.1027,0.9424,0.9794,0.9247,0.9871,-0.0026,0.0005,,,,,,,
,,0,0.0003,0.0016,0.0008,0.0019,0.0003,0.6021,0.8443,0.8417,1.1372,-0.0031,0.0004,,,,,,,
,,-0.0034,-0.0025,-0.003,-0.0028,-0.0025,-0.0038,-0.0034,-0.0028,-0.0026,0.8199,-0.0026,-0.003,,,,,,,
,,0.0006,0.0007,1.033,1.0888,1.0744,1.163,-0.0033,-0.0026,-0.0015,-0.0028,-0.0031,-0.0026,,,,,,,
,,0.0017,0.596,0.9067,0.8234,0.7779,0.7724,-0.003,-0.004,-0.003,-0.003,-0.003,-0.0024,,,,,,,
,,0.0008,0.0401,0.8881,0.1866,0.7649,0.906,-0.0034,-0.0029,-0.0036,-0.0033,-0.0027,-0.0032,,,,,,,
,,-0.0002,-0.0035,-0.0039,0.7894,-0.0037,-0.0035,-0.0036,-0.0039,-0.0038,-0.0043,-0.0031,-0.003,,,,,,,
,,,,,,,,,,,,,,,,,,,,
~End,,,,,,,,,,,,,,,,,,,,
Plate:,EC - Amox + Vanco,1.3,PlateFormat,Endpoint,Absorbance,Reduced,FALSE,1,,,,,,1,600,1,12,96,1,8
,,1,2,3,4,5,6,7,8,9,10,11,12,,,,,,,
,,1.041833333,1.070233333,1.094533333,1.064833333,1.082233333,1.056833333,1.050133333,1.028233333,1.028633333,1.121133333,0.377233333,-0.004266667,,,,,,,
,,1.181333333,1.140733333,1.063933333,1.000033333,1.057533333,1.103233333,1.048433333,1.108733333,1.047733333,1.072533333,1.025933333,-0.004166667,,,,,,,
,,1.137533333,1.182633333,1.107133333,1.010833333,1.072733333,1.095533333,1.101133333,1.046633333,1.010433333,0.816833333,0.975833333,-0.003966667,,,,,,,
,,-0.004166667,-0.003966667,-0.004166667,-0.004166667,-0.003766667,-0.003866667,-0.003966667,-0.003766667,-0.003666667,-0.003766667,-0.003966667,-0.003766667,,,,,,,
,,1.015433333,1.174233333,1.151333333,1.161433333,1.165333333,1.078633333,0.914133333,0.940733333,-0.003666667,0.982933333,-0.003966667,0.000633333,,,,,,,
,,0.986133333,1.062233333,1.180933333,1.037833333,1.141333333,1.063833333,1.028133333,0.939833333,-0.004066667,1.107533333,-0.004066667,0.000133333,,,,,,,
,,1.119333333,0.952733333,1.128833333,1.046533333,0.994133333,1.039533333,1.048433333,0.972333333,-0.004366667,0.811433333,-0.003966667,-0.000766667,,,,,,,
,,-0.005266667,-0.005166667,-0.005066667,-0.004566667,-0.004666667,-0.004366667,-0.004666667,-0.005066667,-0.005466667,-0.004166667,-0.004666667,-0.004366667,,,,,,,
,,,,,,,,,,,,,,,,,,,,
~End,,,,,,,,,,,,,,,,,,,,
Plate:,EC - Chloram + Cipro,1.3,PlateFormat,Endpoint,Absorbance,Reduced,FALSE,1,,,,,,1,600,1,12,96,1,8
,,1,2,3,4,5,6,7,8,9,10,11,12,,,,,,,
,,-0.0042,-0.0035,-0.0029,-0.0037,-0.0035,-0.0043,-0.0038,-0.0031,-0.0044,0.9449,-0.0037,-0.0006,,,,,,,
,,-0.0037,-0.0027,-0.0025,-0.0025,-0.0027,-0.0026,0.0002,-0.0037,-0.0028,1.0056,-0.0029,0.0003,,,,,,,
,,-0.0027,-0.0018,-0.0017,0.0011,-0.0027,-0.0013,-0.0028,-0.0032,-0.0004,0.7932,-0.0029,0.0003,,,,,,,
,,-0.003,-0.0031,-0.0027,-0.0023,-0.0004,-0.0032,-0.0018,-0.003,-0.0022,-0.0028,-0.0028,-0.0014,,,,,,,
,,0.0012,0.0016,0.0018,0.0009,0.0005,0.0002,0.0013,0.0014,0.0022,0.4129,0.8824,0.0006,,,,,,,
,,0.002,0.0003,0.0006,0.0003,-0.0002,-6.94E-18,0.0006,0.0003,0.0004,0.5721,0.8083,-0.0007,,,,,,,
,,-6.94E-18,-0.0003,0.0009,-0.0002,0.0022,-6.94E-18,0.0004,0.0011,0.0021,0.3578,0.357,-0.0036,,,,,,,
,,-0.0043,-0.0039,-0.002,-0.0042,-0.0041,-0.0038,-0.0036,-0.0031,-0.0038,-0.0043,-0.004,-0.0028,,,,,,,
,,,,,,,,,,,,,,,,,,,,
~End,,,,,,,,,,,,,,,,,,,,
Plate:,SA- Ampi + Genta,1.3,PlateFormat,Endpoint,Absorbance,Reduced,FALSE,1,,,,,,1,600,1,12,96,1,8
,,1,2,3,4,5,6,7,8,9,10,11,12,,,,,,,
,,0.0794,0.56,0.8601,0.9021,0.9442,1.0008,0.9559,0.9292,0.9126,0.8878,0.8566,-0.0008,,,,,,,
,,-0.0014,0.0005,1.0614,1.0969,1.0732,1.1427,1.0462,1.0158,0.9903,0.9487,0.9085,0.0004,,,,,,,
,,-0.0003,0.1071,1.0492,1.1277,1.1326,1.0713,1.1725,0.9931,1.0002,1.0908,0.9767,0.0004,,,,,,,
,,0.0003,0.002,0.0032,0.0017,0.0017,0.002,0.0013,0.0003,0.0032,-0.0002,0.0032,0.0021,,,,,,,
,,0.0016,0.0003,0.0012,0.0021,0.0018,0.0005,0.1673,0.7345,1.0815,1.0627,0.0011,0.0015,,,,,,,
,,0.0019,-1.00E-04,0.0006,0.0023,0.0023,0.0022,0.0001,0.8143,1.0331,1.1665,-0.0037,-0.0037,,,,,,,
,,-1.00E-04,0.0013,0.0007,0.0013,0.0007,0.2128,0.1584,0.6595,1.2209,1.0698,-0.0032,-0.0042,,,,,,,
,,-0.0055,-0.0043,-0.0041,-0.0035,-0.0029,-0.002,-0.0021,-0.0029,-0.0048,-0.004,-0.0049,-0.0047,,,,,,,
,,,,,,,,,,,,,,,,,,,,
~End,,,,,,,,,,,,,,,,,,,,
Plate:,SA - Kana +Poly,1.3,PlateFormat,Endpoint,Absorbance,Reduced,FALSE,1,,,,,,1,600,1,12,96,1,8
,,1,2,3,4,5,6,7,8,9,10,11,12,,,,,,,
,,-0.001733333,0.000266667,-0.000333333,-0.000333333,0.086366667,0.131466667,0.149566667,0.589366667,0.916866667,0.786666667,-0.004833333,-0.000433333,,,,,,,
,,-0.001333333,-0.000233333,0.000166667,-3.33E-05,6.67E-05,0.145566667,0.000866667,0.844866667,0.998566667,1.026466667,-0.004033333,0.000266667,,,,,,,
,,-0.000233333,-0.000933333,-0.000733333,0.000866667,0.004466667,0.000566667,0.454666667,0.766666667,1.075566667,1.028766667,-0.003633333,0.000166667,,,,,,,
,,-0.004033333,-0.003833333,-0.004133333,-0.004033333,-0.003733333,-0.003733333,-0.004033333,-0.003633333,-0.003433333,0.801466667,-0.003733333,-0.003533333,,,,,,,
,,1.177266667,1.199966667,1.205666667,1.164466667,1.165866667,1.073166667,-0.004933333,-0.003633333,-0.003533333,-0.003633333,-0.003533333,-0.003433333,,,,,,,
,,0.877566667,1.000066667,1.184566667,1.114266667,1.039966667,0.787566667,-0.004133333,-0.003733333,-0.003733333,-0.003733333,-0.003933333,-0.003533333,,,,,,,
,,0.783666667,0.931466667,1.147866667,1.153066667,1.092466667,0.782766667,-0.004033333,-0.003233333,-0.004033333,-0.003133333,-0.001333333,-0.004033333,,,,,,,
,,-0.004533333,-0.004733333,-0.004433333,-0.004133333,-0.004333333,-0.004033333,-0.004233333,-0.004633333,-0.005133333,-0.003933333,-0.003733333,-0.003833333,,,,,,,
,,,,,,,,,,,,,,,,,,,,
~End,,,,,,,,,,,,,,,,,,,,
Plate:,SA - Amox + Vanco,1.3,PlateFormat,Endpoint,Absorbance,Reduced,FALSE,1,,,,,,1,600,1,12,96,1,8
,,1,2,3,4,5,6,7,8,9,10,11,12,,,,,,,
,,0.845233333,0.823333333,0.821033333,0.862933333,0.917333333,0.920733333,0.940333333,0.912133333,0.897433333,0.886133333,0.751433333,-0.004866667,,,,,,,
,,1.111433333,1.048033333,1.061833333,1.071833333,1.087733333,1.083733333,1.049333333,1.049733333,0.962433333,1.002333333,0.918133333,-0.004466667,,,,,,,
,,1.101033333,1.114733333,1.121133333,1.148833333,1.136133333,1.145533333,1.123533333,1.101333333,1.100733333,1.058533333,1.028333333,-0.002466667,,,,,,,
,,-0.004366667,-0.004466667,-0.003966667,-0.001766667,-0.001866667,-0.004066667,-0.004566667,-0.003966667,-0.003766667,-0.003666667,-0.004066667,-0.002266667,,,,,,,
,,-6.67E-05,3.33E-05,0.001133333,0.000833333,1.198333333,1.190533333,1.162333333,1.160033333,-0.002366667,0.944133333,-0.003566667,0.000233333,,,,,,,
,,0.000233333,-0.000466667,-0.000166667,-0.000266667,0.003333333,1.172333333,1.164433333,1.135533333,-0.003866667,1.101333333,-0.004366667,3.33E-05,,,,,,,
,,-0.000566667,-0.000366667,0.000333333,-0.000366667,1.202133333,1.279633333,1.220933333,1.252233333,-0.004366667,1.103733333,-0.003866667,-0.000266667,,,,,,,
,,-0.005166667,-0.004666667,-0.004866667,-0.005166667,-0.004866667,-0.004366667,-0.004566667,-0.004766667,-0.004666667,-0.005366667,-0.004866667,-0.003766667,,,,,,,
,,,,,,,,,,,,,,,,,,,,
~End,,,,,,,,,,,,,,,,,,,,
Plate:,SA - Chloram + Cipro,1.3,PlateFormat,Endpoint,Absorbance,Reduced,FALSE,1,,,,,,1,600,1,12,96,1,8
,,1,2,3,4,5,6,7,8,9,10,11,12,,,,,,,
,,-0.004733333,-0.003233333,-0.003133333,-0.003533333,-0.004433333,-0.004733333,-0.004433333,-0.004233333,-0.004733333,0.936866667,-0.004933333,-0.000633333,,,,,,,
,,-0.004233333,-0.003233333,-0.003333333,-0.003233333,-0.003233333,-0.003533333,-0.003533333,-0.004333333,-0.003533333,1.018866667,-0.003933333,6.67E-05,,,,,,,
,,-0.003233333,-0.004033333,-0.003933333,-0.002233333,-0.003333333,-0.004033333,-0.003533333,-0.004533333,-0.004033333,0.800566667,-0.004133333,0.000566667,,,,,,,
,,-0.003933333,-0.003633333,-0.003933333,-0.003933333,-0.003633333,-0.003633333,-0.003933333,-0.003533333,-0.003433333,-0.003633333,-0.003733333,-0.003533333,,,,,,,
,,0.001566667,0.001766667,0.001466667,0.269266667,0.848766667,1.123866667,1.100566667,1.041966667,1.028166667,1.134066667,1.101366667,-0.003433333,,,,,,,
,,0.001766667,0.000966667,0.001366667,0.298766667,0.723266667,1.119566667,1.215966667,1.172066667,1.151866667,1.190866667,1.145966667,-0.003533333,,,,,,,
,,0.000766667,0.001666667,0.001166667,0.001566667,0.492566667,1.175566667,1.243266667,1.276166667,1.234066667,1.188466667,1.220366667,-0.004033333,,,,,,,
,,-0.004433333,-0.004733333,-0.004633333,-0.004133333,-0.004333333,-0.003933333,-0.004233333,-0.004633333,-0.005133333,-0.003933333,-0.004333333,-0.004033333,,,,,,,
,,,,,,,,,,,,,,,,,,,,
~End,,,,,,,,,,,,,,,,,,,,
Plate:,PA- Ampi + Genta,1.3,PlateFormat,Endpoint,Absorbance,Reduced,FALSE,1,,,,,,1,600,1,12,96,1,8
,,1,2,3,4,5,6,7,8,9,10,11,12,,,,,,,
,,0.5625,0.7844,0.6806,0.6984,0.7046,0.7141,0.7061,0.7051,0.7124,0.7352,0.6876,-0.0001,,,,,,,
,,0.4982,0.814,0.7513,0.6759,0.7479,0.7282,0.6902,0.6838,0.6655,0.6695,0.7638,0,,,,,,,
,,0.4895,0.7726,0.7612,0.6746,0.749,0.6756,0.7911,0.7767,0.7169,0.7691,0.7667,1.00E-04,,,,,,,
,,-0.004,-0.0041,-0.0036,-0.0032,-0.0029,-0.0042,-0.004,-0.0034,-0.0032,-0.0033,-0.0034,-0.0036,,,,,,,
,,-0.0001,-0.0004,0.0008,0.0005,-0.0003,-0.0004,1.00E-04,0.767,0.7032,0.6427,-0.0036,-0.0031,,,,,,,
,,0.0003,-0.0007,1.00E-04,-0.0003,-0.0001,1.00E-04,0.0024,0.8732,0.7918,0.6243,-0.0038,-0.0032,,,,,,,
,,-0.0008,-0.0008,-0.0002,-0.0008,0.0013,-0.0004,0.0017,0.7626,0.6776,0.6341,-0.0035,-0.0036,,,,,,,
,,-0.0045,-0.0041,-0.0044,-0.0047,-0.0042,0.0044,-0.0041,-0.0044,-0.0042,-0.0044,-0.0046,-0.0036,,,,,,,
,,,,,,,,,,,,,,,,,,,,
~End,,,,,,,,,,,,,,,,,,,,
Plate:,PA - Kana +Poly,1.3,PlateFormat,Endpoint,Absorbance,Reduced,FALSE,1,,,,,,1,600,1,12,96,1,8
,,1,2,3,4,5,6,7,8,9,10,11,12,,,,,,,
,,0.612333333,0.514233333,0.634533333,0.674933333,0.662433333,0.654933333,0.627333333,0.692333333,0.668633333,0.750933333,-0.003966667,-0.000766667,,,,,,,
,,0.642233333,0.634133333,0.615333333,0.644633333,0.642833333,0.696733333,0.653533333,0.632733333,0.711833333,0.758533333,-0.003866667,0.000733333,,,,,,,
,,0.680233333,0.672933333,0.511633333,0.608733333,0.725433333,0.640833333,0.712333333,0.732233333,0.705733333,0.722633333,-0.001266667,3.33E-05,,,,,,,
,,-0.003366667,-0.001866667,0.000533333,-0.001866667,-0.001866667,-0.001566667,-0.003566667,-0.003366667,-0.003066667,0.635733333,-0.003566667,-0.003666667,,,,,,,
,,0.000533333,0.000333333,0.608533333,0.742933333,0.615033333,0.654133333,-0.000566667,-0.001066667,0.003433333,-0.001466667,0.004333333,-0.002866667,,,,,,,
,,0.000533333,0.000233333,0.702233333,0.776433333,0.705033333,0.788633333,-0.002266667,-0.002066667,0.000533333,-0.002766667,0.006833333,-0.003266667,,,,,,,
,,0.001233333,0.000533333,0.627233333,0.783633333,0.822733333,0.746233333,-0.001766667,-0.001466667,-0.002066667,0.001833333,0.000833333,-0.001766667,,,,,,,
,,-0.004866667,-0.004366667,-0.003366667,-0.001766667,0.000733333,0.005133333,0.002433333,-0.001866667,0.004833333,0.002733333,-0.003766667,-0.001766667,,,,,,,
,,,,,,,,,,,,,,,,,,,,
~End,,,,,,,,,,,,,,,,,,,,
Plate:,PA- Amox + Vanco,1.3,PlateFormat,Endpoint,Absorbance,Reduced,FALSE,1,,,,,,1,600,1,12,96,1,8
,,1,2,3,4,5,6,7,8,9,10,11,12,,,,,,,
,,0.627133333,0.749133333,0.647933333,0.605233333,0.665233333,0.653833333,0.629533333,0.658733333,0.668633333,0.632033333,0.677633333,-0.005566667,,,,,,,
,,0.548233333,0.756733333,0.805233333,0.680233333,0.631033333,0.628433333,0.607233333,0.625833333,0.617633333,0.634933333,0.693633333,-0.005066667,,,,,,,
,,0.634233333,0.734333333,0.789433333,0.649933333,0.659333333,0.700333333,0.617133333,0.687233333,0.679633333,0.628433333,0.639333333,-0.004166667,,,,,,,
,,-0.004766667,-0.003466667,-0.003666667,-0.003766667,-0.001966667,-0.004966667,-0.004566667,-0.004366667,-0.001766667,0.000933333,-0.003966667,-0.004866667,,,,,,,
,,0.620833333,0.564333333,0.590333333,0.597933333,0.624233333,0.593233333,0.617533333,0.592833333,-0.004166667,0.694433333,0.001933333,-0.001466667,,,,,,,
,,0.609333333,0.718433333,0.590533333,0.651933333,0.614933333,0.584633333,0.554333333,0.619733333,-0.002666667,0.566733333,-0.003966667,0.003833333,,,,,,,
,,0.460933333,0.701433333,0.605033333,0.637633333,0.600333333,0.652833333,0.681133333,0.651633333,-0.002366667,0.528933333,-0.003166667,-0.002366667,,,,,,,
,,-0.006166667,-0.000566667,-0.003366667,-0.004966667,-0.004166667,-0.004666667,-0.004666667,-0.005466667,-0.005766667,-0.005166667,-0.005166667,-0.005266667,,,,,,,
,,,,,,,,,,,,,,,,,,,,
~End,,,,,,,,,,,,,,,,,,,,
Plate:,PA - Chloram + Cipro,1.3,PlateFormat,Endpoint,Absorbance,Reduced,FALSE,1,,,,,,1,600,1,12,96,1,8
,,1,2,3,4,5,6,7,8,9,10,11,12,,,,,,,
,,-0.003766667,-0.001666667,-0.003966667,-0.003466667,-0.004066667,-0.003966667,-0.003666667,-0.003666667,-0.004366667,0.604533333,-0.004366667,-6.67E-05,,,,,,,
,,-0.003266667,-0.002266667,-0.003266667,-0.002466667,-0.001966667,-0.003566667,-0.003366667,-0.003066667,-0.003666667,0.693833333,-0.003466667,-0.000266667,,,,,,,
,,-0.002766667,-0.003366667,-0.003366667,-0.001066667,-0.003266667,-0.003666667,-0.003666667,-0.003466667,-0.003666667,0.618533333,-0.003466667,0.000333333,,,,,,,
,,-0.003566667,-0.003466667,-0.003266667,-0.003066667,-0.002566667,-0.004166667,-0.004366667,-0.003166667,-0.002366667,-0.003366667,-0.003266667,-0.002866667,,,,,,,
,,0.002333333,0.000933333,0.001133333,0.000933333,0.001233333,0.198733333,0.614233333,0.560933333,0.546233333,0.523833333,0.674533333,-0.002566667,,,,,,,
,,0.001433333,0.000733333,0.000533333,0.000433333,0.000533333,0.191733333,0.596033333,0.459433333,0.571933333,0.562833333,0.549033333,-0.001666667,,,,,,,
,,-0.000266667,0.001033333,0.000233333,0.000633333,0.000333333,0.019733333,0.407533333,0.441033333,0.531333333,0.704733333,0.380133333,-0.004066667,,,,,,,
,,-0.004366667,-0.003966667,-0.003466667,-0.003966667,-0.003966667,-0.003466667,-0.003666667,-0.004666667,-0.004366667,-0.003566667,-0.003766667,-0.003866667,,,,,,,
,,,,,,,,,,,,,,,,,,,,
~End,,,,,,,,,,,,,,,,,,,,
Group: E.coli QC,,,,,,,,,,,,,,,,,,,,
Sample,Well,Concentration (mg/L),Values,MeanValue,Std.Dev.,CV%,,,,,,,,,,,,,,
Amoxicillin_,A1,16,1.042,1.12,0.071,6.368,,,,,,,,,,,,,,
 ,B1, ,1.181, , , ,,,,,,,,,,,,,,
 ,C1, ,1.138, , , ,,,,,,,,,,,,,,
Amoxicillin_01,A2,8,1.07,1.131,0.057,5.021,,,,,,,,,,,,,,
 ,B2, ,1.141, , , ,,,,,,,,,,,,,,
 ,C2, ,1.183, , , ,,,,,,,,,,,,,,
Amoxicillin_02,A3,4,1.095,1.089,0.022,2.041,,,,,,,,,,,,,,
 ,B3, ,1.064, , , ,,,,,,,,,,,,,,
 ,C3, ,1.107, , , ,,,,,,,,,,,,,,
Amoxicillin_03,A4,2,1.065,1.025,0.035,3.386,,,,,,,,,,,,,,
 ,B4, ,1, , , ,,,,,,,,,,,,,,
 ,C4, ,1.011, , , ,,,,,,,,,,,,,,
Amoxicillin_04,A5,1,1.082,1.071,0.012,1.163,,,,,,,,,,,,,,
 ,B5, ,1.058, , , ,,,,,,,,,,,,,,
 ,C5, ,1.073, , , ,,,,,,,,,,,,,,
Amoxicillin_05,A6,0.5,1.057,1.085,0.025,2.291,,,,,,,,,,,,,,
 ,B6, ,1.103, , , ,,,,,,,,,,,,,,
 ,C6, ,1.096, , , ,,,,,,,,,,,,,,
Amoxicillin_06,A7,0.25,1.05,1.067,0.03,2.808,,,,,,,,,,,,,,
 ,B7, ,1.048, , , ,,,,,,,,,,,,,,
 ,C7, ,1.101, , , ,,,,,,,,,,,,,,
Amoxicillin_07,A8,0.125,1.028,1.061,0.042,3.975,,,,,,,,,,,,,,
 ,B8, ,1.109, , , ,,,,,,,,,,,,,,
 ,C8, ,1.047, , , ,,,,,,,,,,,,,,
Amoxicillin_08,A9,0.063,1.029,1.029,0.019,1.813,,,,,,,,,,,,,,
 ,B9, ,1.048, , , ,,,,,,,,,,,,,,
 ,C9, ,1.01, , , ,,,,,,,,,,,,,,
Amoxicillin_09,A10,0.031,1.121,1.004,0.163,16.29,,,,,,,,,,,,,,
 ,B10, ,1.073, , , ,,,,,,,,,,,,,,
 ,C10, ,0.817, , , ,,,,,,,,,,,,,,
Amoxicillin_10,A11,0.016,0.377,0.793,0.361,45.515,,,,,,,,,,,,,,
 ,B11, ,1.026, , , ,,,,,,,,,,,,,,
 ,C11, ,0.976, , , ,,,,,,,,,,,,,,
Ampicillin_,A1,16,0.005,0.052,0.051,99.263,,,,,,,,,,,,,,
 ,B1, ,0.107, , , ,,,,,,,,,,,,,,
 ,C1, ,0.044, , , ,,,,,,,,,,,,,,
Ampicillin_01,A2,8,0.42,0.47,0.067,14.181,,,,,,,,,,,,,,
 ,B2, ,0.444, , , ,,,,,,,,,,,,,,
 ,C2, ,0.545, , , ,,,,,,,,,,,,,,
Ampicillin_02,A3,4,0.832,0.925,0.088,9.546,,,,,,,,,,,,,,
 ,B3, ,0.937, , , ,,,,,,,,,,,,,,
 ,C3, ,1.008, , , ,,,,,,,,,,,,,,
Ampicillin_03,A4,2,1.054,1.066,0.022,2.036,,,,,,,,,,,,,,
 ,B4, ,1.054, , , ,,,,,,,,,,,,,,
 ,C4, ,1.092, , , ,,,,,,,,,,,,,,
Ampicillin_04,A5,1,1.075,1.125,0.044,3.89,,,,,,,,,,,,,,
 ,B5, ,1.145, , , ,,,,,,,,,,,,,,
 ,C5, ,1.156, , , ,,,,,,,,,,,,,,
Ampicillin_05,A6,0.5,1.091,1.14,0.048,4.227,,,,,,,,,,,,,,
 ,B6, ,1.141, , , ,,,,,,,,,,,,,,
 ,C6, ,1.187, , , ,,,,,,,,,,,,,,
Ampicillin_06,A7,0.25,1.112,1.126,0.027,2.409,,,,,,,,,,,,,,
 ,B7, ,1.108, , , ,,,,,,,,,,,,,,
 ,C7, ,1.157, , , ,,,,,,,,,,,,,,
Ampicillin_07,A8,0.125,1.084,1.057,0.057,5.388,,,,,,,,,,,,,,
 ,B8, ,1.096, , , ,,,,,,,,,,,,,,
 ,C8, ,0.992, , , ,,,,,,,,,,,,,,
Ampicillin_08,A9,0.063,1.097,1.081,0.056,5.174,,,,,,,,,,,,,,
 ,B9, ,1.128, , , ,,,,,,,,,,,,,,
 ,C9, ,1.019, , , ,,,,,,,,,,,,,,
Ampicillin_09,A10,0.031,1.102,1.013,0.115,11.321,,,,,,,,,,,,,,
 ,B10, ,1.054, , , ,,,,,,,,,,,,,,
 ,C10, ,0.884, , , ,,,,,,,,,,,,,,
Ampicillin_10,A11,0,1.011,1.021,0.01,0.99,,,,,,,,,,,,,,
 ,B11, ,1.021, , , ,,,,,,,,,,,,,,
 ,C11, ,1.031, , , ,,,,,,,,,,,,,,
Ciprofloxacin_,E1,4,0.001,0.001,0.001,94.373,,,,,,,,,,,,,,
 ,F1, ,0.002, , , ,,,,,,,,,,,,,,
 ,G1, ,0, , , ,,,,,,,,,,,,,,
Ciprofloxacin_01,E2,2,0.002,0.001,0.001,182.11,,,,,,,,,,,,,,
 ,F2, ,0, , , ,,,,,,,,,,,,,,
 ,G2, ,0, , , ,,,,,,,,,,,,,,
Ciprofloxacin_02,E3,1,0.002,0.001,0.001,56.773,,,,,,,,,,,,,,
 ,F3, ,0.001, , , ,,,,,,,,,,,,,,
 ,G3, ,0.001, , , ,,,,,,,,,,,,,,
Ciprofloxacin_03,E4,0.5,0.001,0,0.001,165.227,,,,,,,,,,,,,,
 ,F4, ,0, , , ,,,,,,,,,,,,,,
 ,G4, ,0, , , ,,,,,,,,,,,,,,
Ciprofloxacin_04,E5,0.25,0,0.001,0.001,148.108,,,,,,,,,,,,,,
 ,F5, ,0, , , ,,,,,,,,,,,,,,
 ,G5, ,0.002, , , ,,,,,,,,,,,,,,
Ciprofloxacin_05,E6,0.125,0,0,0,173.205,,,,,,,,,,,,,,
 ,F6, ,0, , , ,,,,,,,,,,,,,,
 ,G6, ,0, , , ,,,,,,,,,,,,,,
Ciprofloxacin_06,E7,0.063,0.001,0.001,0,61.641,,,,,,,,,,,,,,
 ,F7, ,0.001, , , ,,,,,,,,,,,,,,
 ,G7, ,0, , , ,,,,,,,,,,,,,,
Ciprofloxacin_07,E8,0.031,0.001,0.001,0.001,60.924,,,,,,,,,,,,,,
 ,F8, ,0, , , ,,,,,,,,,,,,,,
 ,G8, ,0.001, , , ,,,,,,,,,,,,,,
Ciprofloxacin_08,E9,0.016,0.002,0.002,0.001,64.57,,,,,,,,,,,,,,
 ,F9, ,0, , , ,,,,,,,,,,,,,,
 ,G9, ,0.002, , , ,,,,,,,,,,,,,,
Ciprofloxacin_09,E10,0.008,0.413,0.448,0.111,24.862,,,,,,,,,,,,,,
 ,F10, ,0.572, , , ,,,,,,,,,,,,,,
 ,G10, ,0.358, , , ,,,,,,,,,,,,,,
Ciprofloxacin_10,E11,0.004,0.882,0.683,0.284,41.662,,,,,,,,,,,,,,
 ,F11, ,0.808, , , ,,,,,,,,,,,,,,
 ,G11, ,0.357, , , ,,,,,,,,,,,,,,
Ciprofloxacin_11,A10,0,0.945,0.915,0.109,11.962,,,,,,,,,,,,,,
 ,B10, ,1.006, , , ,,,,,,,,,,,,,,
 ,C10, ,0.793, , , ,,,,,,,,,,,,,,
Gentamycin_,E1,32,-0.001,-0.002,0.001,50.083,,,,,,,,,,,,,,
 ,F1, ,-0.002, , , ,,,,,,,,,,,,,,
 ,G1, ,-0.003, , , ,,,,,,,,,,,,,,
Gentamycin_01,E2,16,-0.001,-0.002,0.001,61.631,,,,,,,,,,,,,,
 ,F2, ,-0.003, , , ,,,,,,,,,,,,,,
 ,G2, ,-0.002, , , ,,,,,,,,,,,,,,
Gentamycin_02,E3,8,-0.001,-0.002,0.001,49.099,,,,,,,,,,,,,,
 ,F3, ,-0.002, , , ,,,,,,,,,,,,,,
 ,G3, ,-0.003, , , ,,,,,,,,,,,,,,
Gentamycin_03,E4,4,-0.001,-0.001,0,36.178,,,,,,,,,,,,,,
 ,F4, ,-0.001, , , ,,,,,,,,,,,,,,
 ,G4, ,-0.002, , , ,,,,,,,,,,,,,,
Gentamycin_04,E5,2,-0.001,-0.002,0.001,49.487,,,,,,,,,,,,,,
 ,F5, ,-0.002, , , ,,,,,,,,,,,,,,
 ,G5, ,-0.002, , , ,,,,,,,,,,,,,,
Gentamycin_05,E6,1,0.195,0.064,0.114,178.823,,,,,,,,,,,,,,
 ,F6, ,-0.002, , , ,,,,,,,,,,,,,,
 ,G6, ,-0.003, , , ,,,,,,,,,,,,,,
Gentamycin_06,E7,0.5,0.596,0.646,0.089,13.761,,,,,,,,,,,,,,
 ,F7, ,0.594, , , ,,,,,,,,,,,,,,
 ,G7, ,0.749, , , ,,,,,,,,,,,,,,
Gentamycin_07,E8,0.25,0.387,0.727,0.295,40.561,,,,,,,,,,,,,,
 ,F8, ,0.893, , , ,,,,,,,,,,,,,,
 ,G8, ,0.902, , , ,,,,,,,,,,,,,,
Gentamycin_08,E9,0.125,0.668,0.873,0.181,20.787,,,,,,,,,,,,,,
 ,F9, ,0.937, , , ,,,,,,,,,,,,,,
 ,G9, ,1.013, , , ,,,,,,,,,,,,,,
Gentamycin_09,E10,0.063,1.019,0.874,0.207,23.642,,,,,,,,,,,,,,
 ,F10, ,0.967, , , ,,,,,,,,,,,,,,
 ,G10, ,0.638, , , ,,,,,,,,,,,,,,
Kanamycin_,A1,128,-0.001,-0.001,0.001,95.174,,,,,,,,,,,,,,
 ,B1, ,-0.001, , , ,,,,,,,,,,,,,,
 ,C1, ,0, , , ,,,,,,,,,,,,,,
Kanamycin_01,A2,64,-0.001,0,0,270.555,,,,,,,,,,,,,,
 ,B2, ,0, , , ,,,,,,,,,,,,,,
 ,C2, ,0, , , ,,,,,,,,,,,,,,
Kanamycin_02,A3,32,0,0.001,0.001,137.951,,,,,,,,,,,,,,
 ,B3, ,0, , , ,,,,,,,,,,,,,,
 ,C3, ,0.002, , , ,,,,,,,,,,,,,,
Kanamycin_03,A4,16,-0.001,0,0.001,2251.666,,,,,,,,,,,,,,
 ,B4, ,0, , , ,,,,,,,,,,,,,,
 ,C4, ,0.001, , , ,,,,,,,,,,,,,,
Kanamycin_04,A5,8,-0.001,0,0.001,336.341,,,,,,,,,,,,,,
 ,B5, ,0, , , ,,,,,,,,,,,,,,
 ,C5, ,0.002, , , ,,,,,,,,,,,,,,
Kanamycin_05,A6,4,-0.001,0.034,0.059,173.971,,,,,,,,,,,,,,
 ,B6, ,0.103, , , ,,,,,,,,,,,,,,
 ,C6, ,0, , , ,,,,,,,,,,,,,,
Kanamycin_06,A7,2,-0.001,0.515,0.478,92.793,,,,,,,,,,,,,,
 ,B7, ,0.942, , , ,,,,,,,,,,,,,,
 ,C7, ,0.602, , , ,,,,,,,,,,,,,,
Kanamycin_07,A8,1,0.769,0.864,0.107,12.335,,,,,,,,,,,,,,
 ,B8, ,0.979, , , ,,,,,,,,,,,,,,
 ,C8, ,0.844, , , ,,,,,,,,,,,,,,
Kanamycin_08,A9,0.5,0.852,0.873,0.045,5.178,,,,,,,,,,,,,,
 ,B9, ,0.925, , , ,,,,,,,,,,,,,,
 ,C9, ,0.842, , , ,,,,,,,,,,,,,,
Kanamycin_09,A10,0,0.966,1.03,0.093,9.048,,,,,,,,,,,,,,
 ,B10, ,0.987, , , ,,,,,,,,,,,,,,
 ,C10, ,1.137, , , ,,,,,,,,,,,,,,
PolyB_,E1,4,0.001,0.001,0.001,56.705,,,,,,,,,,,,,,
 ,F1, ,0.002, , , ,,,,,,,,,,,,,,
 ,G1, ,0.001, , , ,,,,,,,,,,,,,,
PolyB_01,E2,2,0.001,0.212,0.333,156.834,,,,,,,,,,,,,,
 ,F2, ,0.596, , , ,,,,,,,,,,,,,,
 ,G2, ,0.04, , , ,,,,,,,,,,,,,,
PolyB_02,E3,1,1.033,0.943,0.079,8.364,,,,,,,,,,,,,,
 ,F3, ,0.907, , , ,,,,,,,,,,,,,,
 ,G3, ,0.888, , , ,,,,,,,,,,,,,,
PolyB_03,E4,0.5,1.089,0.7,0.464,66.276,,,,,,,,,,,,,,
 ,F4, ,0.823, , , ,,,,,,,,,,,,,,
 ,G4, ,0.187, , , ,,,,,,,,,,,,,,
PolyB_04,E5,0.25,1.074,0.872,0.175,20.066,,,,,,,,,,,,,,
 ,F5, ,0.778, , , ,,,,,,,,,,,,,,
 ,G5, ,0.765, , , ,,,,,,,,,,,,,,
PolyB_05,E6,0.125,1.163,0.947,0.199,20.96,,,,,,,,,,,,,,
 ,F6, ,0.772, , , ,,,,,,,,,,,,,,
 ,G6, ,0.906, , , ,,,,,,,,,,,,,,
Vancomycin_,E1,8,1.015,1.04,0.07,6.728,,,,,,,,,,,,,,
 ,F1, ,0.986, , , ,,,,,,,,,,,,,,
 ,G1, ,1.119, , , ,,,,,,,,,,,,,,
Vancomycin_01,E2,4,1.174,1.063,0.111,10.418,,,,,,,,,,,,,,
 ,F2, ,1.062, , , ,,,,,,,,,,,,,,
 ,G2, ,0.953, , , ,,,,,,,,,,,,,,
Vancomycin_02,E3,2,1.151,1.154,0.026,2.265,,,,,,,,,,,,,,
 ,F3, ,1.181, , , ,,,,,,,,,,,,,,
 ,G3, ,1.129, , , ,,,,,,,,,,,,,,
Vancomycin_03,E4,1,1.161,1.082,0.069,6.376,,,,,,,,,,,,,,
 ,F4, ,1.038, , , ,,,,,,,,,,,,,,
 ,G4, ,1.047, , , ,,,,,,,,,,,,,,
Vancomycin_04,E5,0.5,1.165,1.1,0.093,8.425,,,,,,,,,,,,,,
 ,F5, ,1.141, , , ,,,,,,,,,,,,,,
 ,G5, ,0.994, , , ,,,,,,,,,,,,,,
Vancomycin_05,E6,0.25,1.079,1.061,0.02,1.861,,,,,,,,,,,,,,
 ,F6, ,1.064, , , ,,,,,,,,,,,,,,
 ,G6, ,1.04, , , ,,,,,,,,,,,,,,
Vancomycin_06,E7,0.125,0.914,0.997,0.072,7.262,,,,,,,,,,,,,,
 ,F7, ,1.028, , , ,,,,,,,,,,,,,,
 ,G7, ,1.048, , , ,,,,,,,,,,,,,,
Vancomycin_07,E8,0.063,0.941,0.951,0.019,1.946,,,,,,,,,,,,,,
 ,F8, ,0.94, , , ,,,,,,,,,,,,,,
 ,G8, ,0.972, , , ,,,,,,,,,,,,,,
Vancomycin_08,E10,0,0.983,0.967,0.149,15.369,,,,,,,,,,,,,,
 ,F10, ,1.108, , , ,,,,,,,,,,,,,,
 ,G10, ,0.811, , , ,,,,,,,,,,,,,,
,,,,,,,,,,,,,,,,,,,,
Group Column,Formula Name,Formula,Precision,Notation,,,,,,,,,,,,,,,,
1,Sample,!SampleNames,3 decimal places,Numeric,,,,,,,,,,,,,,,,
2,Well,!WellIDs,3 decimal places,Numeric,,,,,,,,,,,,,,,,
3,Concentration (mg/L),!SampleDescriptor,3 decimal places,Numeric,,,,,,,,,,,,,,,,
4,Values,!WellValues,3 decimal places,Numeric,,,,,,,,,,,,,,,,
5,MeanValue,Average(!WellValues),3 decimal places,Numeric,,,,,,,,,,,,,,,,
6,Std.Dev.,Stdev(!WellValues),3 decimal places,Numeric,,,,,,,,,,,,,,,,
7,CV%,Cv(!WellValues),3 decimal places,Numeric,,,,,,,,,,,,,,,,
,,,,,,,,,,,,,,,,,,,,
Group Summaries,,,,,,,,,,,,,,,,,,,,
~End ,,,,,,,,,,,,,,,,,,,,
Group: S.aureus QC,,,,,,,,,,,,,,,,,,,,
Sample,Well,Concentration (mg/L),Values,MeanValue,Std.Dev.,CV%,,,,,,,,,,,,,,
Amoxicillin_,A1,16,0.845,1.019,0.151,14.793,,,,,,,,,,,,,,
 ,B1, ,1.111, , , ,,,,,,,,,,,,,,
 ,C1, ,1.101, , , ,,,,,,,,,,,,,,
Amoxicillin_01,A2,8,0.823,0.995,0.153,15.338,,,,,,,,,,,,,,
 ,B2, ,1.048, , , ,,,,,,,,,,,,,,
 ,C2, ,1.115, , , ,,,,,,,,,,,,,,
Amoxicillin_02,A3,4,0.821,1.001,0.159,15.872,,,,,,,,,,,,,,
 ,B3, ,1.062, , , ,,,,,,,,,,,,,,
 ,C3, ,1.121, , , ,,,,,,,,,,,,,,
Amoxicillin_03,A4,2,0.863,1.028,0.148,14.392,,,,,,,,,,,,,,
 ,B4, ,1.072, , , ,,,,,,,,,,,,,,
 ,C4, ,1.149, , , ,,,,,,,,,,,,,,
Amoxicillin_04,A5,1,0.917,1.047,0.115,10.976,,,,,,,,,,,,,,
 ,B5, ,1.088, , , ,,,,,,,,,,,,,,
 ,C5, ,1.136, , , ,,,,,,,,,,,,,,
Amoxicillin_05,A6,0.5,0.921,1.05,0.116,11.06,,,,,,,,,,,,,,
 ,B6, ,1.084, , , ,,,,,,,,,,,,,,
 ,C6, ,1.146, , , ,,,,,,,,,,,,,,
Amoxicillin_06,A7,0.25,0.94,1.038,0.092,8.88,,,,,,,,,,,,,,
 ,B7, ,1.049, , , ,,,,,,,,,,,,,,
 ,C7, ,1.124, , , ,,,,,,,,,,,,,,
Amoxicillin_07,A8,0.125,0.912,1.021,0.098,9.579,,,,,,,,,,,,,,
 ,B8, ,1.05, , , ,,,,,,,,,,,,,,
 ,C8, ,1.101, , , ,,,,,,,,,,,,,,
Amoxicillin_08,A9,0.063,0.897,0.987,0.104,10.521,,,,,,,,,,,,,,
 ,B9, ,0.962, , , ,,,,,,,,,,,,,,
 ,C9, ,1.101, , , ,,,,,,,,,,,,,,
Amoxicillin_09,A10,0.031,0.886,0.982,0.088,8.95,,,,,,,,,,,,,,
 ,B10, ,1.002, , , ,,,,,,,,,,,,,,
 ,C10, ,1.059, , , ,,,,,,,,,,,,,,
Amoxicillin_10,A11,0.016,0.751,0.899,0.139,15.502,,,,,,,,,,,,,,
 ,B11, ,0.918, , , ,,,,,,,,,,,,,,
 ,C11, ,1.028, , , ,,,,,,,,,,,,,,
Ampicillin_,A1,16,0.079,0.026,0.046,178.902,,,,,,,,,,,,,,
 ,B1, ,-0.001, , , ,,,,,,,,,,,,,,
 ,C1, ,0, , , ,,,,,,,,,,,,,,
Ampicillin_01,A2,8,0.56,0.223,0.297,133.497,,,,,,,,,,,,,,
 ,B2, ,0.001, , , ,,,,,,,,,,,,,,
 ,C2, ,0.107, , , ,,,,,,,,,,,,,,
Ampicillin_02,A3,4,0.86,0.99,0.113,11.398,,,,,,,,,,,,,,
 ,B3, ,1.061, , , ,,,,,,,,,,,,,,
 ,C3, ,1.049, , , ,,,,,,,,,,,,,,
Ampicillin_03,A4,2,0.902,1.042,0.122,11.738,,,,,,,,,,,,,,
 ,B4, ,1.097, , , ,,,,,,,,,,,,,,
 ,C4, ,1.128, , , ,,,,,,,,,,,,,,
Ampicillin_04,A5,1,0.944,1.05,0.096,9.173,,,,,,,,,,,,,,
 ,B5, ,1.073, , , ,,,,,,,,,,,,,,
 ,C5, ,1.133, , , ,,,,,,,,,,,,,,
Ampicillin_05,A6,0.5,1.001,1.072,0.071,6.621,,,,,,,,,,,,,,
 ,B6, ,1.143, , , ,,,,,,,,,,,,,,
 ,C6, ,1.071, , , ,,,,,,,,,,,,,,
Ampicillin_06,A7,0.25,0.956,1.058,0.109,10.281,,,,,,,,,,,,,,
 ,B7, ,1.046, , , ,,,,,,,,,,,,,,
 ,C7, ,1.173, , , ,,,,,,,,,,,,,,
Ampicillin_07,A8,0.125,0.929,0.979,0.045,4.585,,,,,,,,,,,,,,
 ,B8, ,1.016, , , ,,,,,,,,,,,,,,
 ,C8, ,0.993, , , ,,,,,,,,,,,,,,
Ampicillin_08,A9,0.063,0.913,0.968,0.048,4.958,,,,,,,,,,,,,,
 ,B9, ,0.99, , , ,,,,,,,,,,,,,,
 ,C9, ,1, , , ,,,,,,,,,,,,,,
Ampicillin_09,A10,0.031,0.888,0.976,0.104,10.676,,,,,,,,,,,,,,
 ,B10, ,0.949, , , ,,,,,,,,,,,,,,
 ,C10, ,1.091, , , ,,,,,,,,,,,,,,
Ampicillin_10,A11,0,0.857,0.914,0.06,6.591,,,,,,,,,,,,,,
 ,B11, ,0.908, , , ,,,,,,,,,,,,,,
 ,C11, ,0.977, , , ,,,,,,,,,,,,,,
Ciprofloxacin_,E1,4,0.002,0.001,0.001,38.718,,,,,,,,,,,,,,
 ,F1, ,0.002, , , ,,,,,,,,,,,,,,
 ,G1, ,0.001, , , ,,,,,,,,,,,,,,
Ciprofloxacin_01,E2,2,0.002,0.001,0,29.72,,,,,,,,,,,,,,
 ,F2, ,0.001, , , ,,,,,,,,,,,,,,
 ,G2, ,0.002, , , ,,,,,,,,,,,,,,
Ciprofloxacin_02,E3,1,0.001,0.001,0,11.456,,,,,,,,,,,,,,
 ,F3, ,0.001, , , ,,,,,,,,,,,,,,
 ,G3, ,0.001, , , ,,,,,,,,,,,,,,
Ciprofloxacin_03,E4,0.5,0.269,0.19,0.164,86.239,,,,,,,,,,,,,,
 ,F4, ,0.299, , , ,,,,,,,,,,,,,,
 ,G4, ,0.002, , , ,,,,,,,,,,,,,,
Ciprofloxacin_04,E5,0.25,0.849,0.688,0.181,26.253,,,,,,,,,,,,,,
 ,F5, ,0.723, , , ,,,,,,,,,,,,,,
 ,G5, ,0.493, , , ,,,,,,,,,,,,,,
Ciprofloxacin_05,E6,0.125,1.124,1.14,0.031,2.735,,,,,,,,,,,,,,
 ,F6, ,1.12, , , ,,,,,,,,,,,,,,
 ,G6, ,1.176, , , ,,,,,,,,,,,,,,
Ciprofloxacin_06,E7,0.063,1.101,1.187,0.076,6.384,,,,,,,,,,,,,,
 ,F7, ,1.216, , , ,,,,,,,,,,,,,,
 ,G7, ,1.243, , , ,,,,,,,,,,,,,,
Ciprofloxacin_07,E8,0.031,1.042,1.163,0.117,10.086,,,,,,,,,,,,,,
 ,F8, ,1.172, , , ,,,,,,,,,,,,,,
 ,G8, ,1.276, , , ,,,,,,,,,,,,,,
Ciprofloxacin_08,E9,0.016,1.028,1.138,0.104,9.107,,,,,,,,,,,,,,
 ,F9, ,1.152, , , ,,,,,,,,,,,,,,
 ,G9, ,1.234, , , ,,,,,,,,,,,,,,
Ciprofloxacin_09,E10,0.008,1.134,1.171,0.032,2.743,,,,,,,,,,,,,,
 ,F10, ,1.191, , , ,,,,,,,,,,,,,,
 ,G10, ,1.188, , , ,,,,,,,,,,,,,,
Ciprofloxacin_10,E11,0.004,1.101,1.156,0.06,5.201,,,,,,,,,,,,,,
 ,F11, ,1.146, , , ,,,,,,,,,,,,,,
 ,G11, ,1.22, , , ,,,,,,,,,,,,,,
Ciprofloxacin_11,A10,0,0.937,0.919,0.11,12.002,,,,,,,,,,,,,,
 ,B10, ,1.019, , , ,,,,,,,,,,,,,,
 ,C10, ,0.801, , , ,,,,,,,,,,,,,,
Gentamycin_,E1,32,0.002,0.001,0.001,95.169,,,,,,,,,,,,,,
 ,F1, ,0.002, , , ,,,,,,,,,,,,,,
 ,G1, ,0, , , ,,,,,,,,,,,,,,
Gentamycin_01,E2,16,0,0.001,0.001,144.222,,,,,,,,,,,,,,
 ,F2, ,0, , , ,,,,,,,,,,,,,,
 ,G2, ,0.001, , , ,,,,,,,,,,,,,,
Gentamycin_02,E3,8,0.001,0.001,0,38.575,,,,,,,,,,,,,,
 ,F3, ,0.001, , , ,,,,,,,,,,,,,,
 ,G3, ,0.001, , , ,,,,,,,,,,,,,,
Gentamycin_03,E4,4,0.002,0.002,0.001,27.85,,,,,,,,,,,,,,
 ,F4, ,0.002, , , ,,,,,,,,,,,,,,
 ,G4, ,0.001, , , ,,,,,,,,,,,,,,
Gentamycin_04,E5,2,0.002,0.002,0.001,51.158,,,,,,,,,,,,,,
 ,F5, ,0.002, , , ,,,,,,,,,,,,,,
 ,G5, ,0.001, , , ,,,,,,,,,,,,,,
Gentamycin_05,E6,1,0.001,0.072,0.122,169.954,,,,,,,,,,,,,,
 ,F6, ,0.002, , , ,,,,,,,,,,,,,,
 ,G6, ,0.213, , , ,,,,,,,,,,,,,,
Gentamycin_06,E7,0.5,0.167,0.109,0.094,86.62,,,,,,,,,,,,,,
 ,F7, ,0, , , ,,,,,,,,,,,,,,
 ,G7, ,0.158, , , ,,,,,,,,,,,,,,
Gentamycin_07,E8,0.25,0.735,0.736,0.077,10.517,,,,,,,,,,,,,,
 ,F8, ,0.814, , , ,,,,,,,,,,,,,,
 ,G8, ,0.659, , , ,,,,,,,,,,,,,,
Gentamycin_08,E9,0.125,1.081,1.112,0.098,8.77,,,,,,,,,,,,,,
 ,F9, ,1.033, , , ,,,,,,,,,,,,,,
 ,G9, ,1.221, , , ,,,,,,,,,,,,,,
Gentamycin_09,E10,0.063,1.063,1.1,0.058,5.273,,,,,,,,,,,,,,
 ,F10, ,1.167, , , ,,,,,,,,,,,,,,
 ,G10, ,1.07, , , ,,,,,,,,,,,,,,
Kanamycin_,A1,128,-0.002,-0.001,0.001,70.613,,,,,,,,,,,,,,
 ,B1, ,-0.001, , , ,,,,,,,,,,,,,,
 ,C1, ,0, , , ,,,,,,,,,,,,,,
Kanamycin_01,A2,64,0,0,0.001,200.924,,,,,,,,,,,,,,
 ,B2, ,0, , , ,,,,,,,,,,,,,,
 ,C2, ,-0.001, , , ,,,,,,,,,,,,,,
Kanamycin_02,A3,32,0,0,0,150.308,,,,,,,,,,,,,,
 ,B3, ,0, , , ,,,,,,,,,,,,,,
 ,C3, ,-0.001, , , ,,,,,,,,,,,,,,
Kanamycin_03,A4,16,0,0,0.001,374.7,,,,,,,,,,,,,,
 ,B4, ,0, , , ,,,,,,,,,,,,,,
 ,C4, ,0.001, , , ,,,,,,,,,,,,,,
Kanamycin_04,A5,8,0.086,0.03,0.049,160.412,,,,,,,,,,,,,,
 ,B5, ,0, , , ,,,,,,,,,,,,,,
 ,C5, ,0.004, , , ,,,,,,,,,,,,,,
Kanamycin_05,A6,4,0.131,0.093,0.08,86.409,,,,,,,,,,,,,,
 ,B6, ,0.146, , , ,,,,,,,,,,,,,,
 ,C6, ,0.001, , , ,,,,,,,,,,,,,,
Kanamycin_06,A7,2,0.15,0.202,0.231,114.699,,,,,,,,,,,,,,
 ,B7, ,0.001, , , ,,,,,,,,,,,,,,
 ,C7, ,0.455, , , ,,,,,,,,,,,,,,
Kanamycin_07,A8,1,0.589,0.734,0.131,17.845,,,,,,,,,,,,,,
 ,B8, ,0.845, , , ,,,,,,,,,,,,,,
 ,C8, ,0.767, , , ,,,,,,,,,,,,,,
Kanamycin_08,A9,0.5,0.917,0.997,0.079,7.96,,,,,,,,,,,,,,
 ,B9, ,0.999, , , ,,,,,,,,,,,,,,
 ,C9, ,1.076, , , ,,,,,,,,,,,,,,
Kanamycin_09,A10,0,0.787,0.947,0.139,14.686,,,,,,,,,,,,,,
 ,B10, ,1.026, , , ,,,,,,,,,,,,,,
 ,C10, ,1.029, , , ,,,,,,,,,,,,,,
PolyB_,E1,4,1.177,0.946,0.206,21.727,,,,,,,,,,,,,,
 ,F1, ,0.878, , , ,,,,,,,,,,,,,,
 ,G1, ,0.784, , , ,,,,,,,,,,,,,,
PolyB_01,E2,2,1.2,1.044,0.139,13.364,,,,,,,,,,,,,,
 ,F2, ,1, , , ,,,,,,,,,,,,,,
 ,G2, ,0.931, , , ,,,,,,,,,,,,,,
PolyB_02,E3,1,1.206,1.179,0.029,2.48,,,,,,,,,,,,,,
 ,F3, ,1.185, , , ,,,,,,,,,,,,,,
 ,G3, ,1.148, , , ,,,,,,,,,,,,,,
PolyB_03,E4,0.5,1.164,1.144,0.026,2.301,,,,,,,,,,,,,,
 ,F4, ,1.114, , , ,,,,,,,,,,,,,,
 ,G4, ,1.153, , , ,,,,,,,,,,,,,,
PolyB_04,E5,0.25,1.166,1.099,0.063,5.752,,,,,,,,,,,,,,
 ,F5, ,1.04, , , ,,,,,,,,,,,,,,
 ,G5, ,1.092, , , ,,,,,,,,,,,,,,
PolyB_05,E6,0.125,1.073,0.881,0.166,18.872,,,,,,,,,,,,,,
 ,F6, ,0.788, , , ,,,,,,,,,,,,,,
 ,G6, ,0.783, , , ,,,,,,,,,,,,,,
Vancomycin_,E1,8,0,0,0,303.109,,,,,,,,,,,,,,
 ,F1, ,0, , , ,,,,,,,,,,,,,,
 ,G1, ,-0.001, , , ,,,,,,,,,,,,,,
Vancomycin_01,E2,4,0,0,0,99.216,,,,,,,,,,,,,,
 ,F2, ,0, , , ,,,,,,,,,,,,,,
 ,G2, ,0, , , ,,,,,,,,,,,,,,
Vancomycin_02,E3,2,0.001,0,0.001,151.326,,,,,,,,,,,,,,
 ,F3, ,0, , , ,,,,,,,,,,,,,,
 ,G3, ,0, , , ,,,,,,,,,,,,,,
Vancomycin_03,E4,1,0.001,0,0.001,998.749,,,,,,,,,,,,,,
 ,F4, ,0, , , ,,,,,,,,,,,,,,
 ,G4, ,0, , , ,,,,,,,,,,,,,,
Vancomycin_04,E5,0.5,1.198,0.801,0.691,86.243,,,,,,,,,,,,,,
 ,F5, ,0.003, , , ,,,,,,,,,,,,,,
 ,G5, ,1.202, , , ,,,,,,,,,,,,,,
Vancomycin_05,E6,0.25,1.191,1.214,0.057,4.729,,,,,,,,,,,,,,
 ,F6, ,1.172, , , ,,,,,,,,,,,,,,
 ,G6, ,1.28, , , ,,,,,,,,,,,,,,
Vancomycin_06,E7,0.125,1.162,1.183,0.033,2.811,,,,,,,,,,,,,,
 ,F7, ,1.164, , , ,,,,,,,,,,,,,,
 ,G7, ,1.221, , , ,,,,,,,,,,,,,,
Vancomycin_07,E8,0.063,1.16,1.183,0.062,5.203,,,,,,,,,,,,,,
 ,F8, ,1.136, , , ,,,,,,,,,,,,,,
 ,G8, ,1.252, , , ,,,,,,,,,,,,,,
Vancomycin_08,E10,0,0.944,1.05,0.091,8.713,,,,,,,,,,,,,,
 ,F10, ,1.101, , , ,,,,,,,,,,,,,,
 ,G10, ,1.104, , , ,,,,,,,,,,,,,,
,,,,,,,,,,,,,,,,,,,,
Group Column,Formula Name,Formula,Precision,Notation,,,,,,,,,,,,,,,,
1,Sample,!SampleNames,3 decimal places,Numeric,,,,,,,,,,,,,,,,
2,Well,!WellIDs,3 decimal places,Numeric,,,,,,,,,,,,,,,,
3,Concentration (mg/L),!SampleDescriptor,3 decimal places,Numeric,,,,,,,,,,,,,,,,
4,Values,!WellValues,3 decimal places,Numeric,,,,,,,,,,,,,,,,
5,MeanValue,Average(!WellValues),3 decimal places,Numeric,,,,,,,,,,,,,,,,
6,Std.Dev.,Stdev(!WellValues),3 decimal places,Numeric,,,,,,,,,,,,,,,,
7,CV%,Cv(!WellValues),3 decimal places,Numeric,,,,,,,,,,,,,,,,
,,,,,,,,,,,,,,,,,,,,
Group Summaries,,,,,,,,,,,,,,,,,,,,
~End ,,,,,,,,,,,,,,,,,,,,
Group: P.aeruginosa QC,,,,,,,,,,,,,,,,,,,,
Sample,Well,Concentration (mg/L),Values,MeanValue,Std.Dev.,CV%,,,,,,,,,,,,,,
Amoxicillin_,A1,16,0.627,0.603,0.048,7.914,,,,,,,,,,,,,,
 ,B1, ,0.548, , , ,,,,,,,,,,,,,,
 ,C1, ,0.634, , , ,,,,,,,,,,,,,,
Amoxicillin_01,A2,8,0.749,0.747,0.011,1.525,,,,,,,,,,,,,,
 ,B2, ,0.757, , , ,,,,,,,,,,,,,,
 ,C2, ,0.734, , , ,,,,,,,,,,,,,,
Amoxicillin_02,A3,4,0.648,0.748,0.087,11.587,,,,,,,,,,,,,,
 ,B3, ,0.805, , , ,,,,,,,,,,,,,,
 ,C3, ,0.789, , , ,,,,,,,,,,,,,,
Amoxicillin_03,A4,2,0.605,0.645,0.038,5.848,,,,,,,,,,,,,,
 ,B4, ,0.68, , , ,,,,,,,,,,,,,,
 ,C4, ,0.65, , , ,,,,,,,,,,,,,,
Amoxicillin_04,A5,1,0.665,0.652,0.018,2.805,,,,,,,,,,,,,,
 ,B5, ,0.631, , , ,,,,,,,,,,,,,,
 ,C5, ,0.659, , , ,,,,,,,,,,,,,,
Amoxicillin_05,A6,0.5,0.654,0.661,0.036,5.517,,,,,,,,,,,,,,
 ,B6, ,0.628, , , ,,,,,,,,,,,,,,
 ,C6, ,0.7, , , ,,,,,,,,,,,,,,
Amoxicillin_06,A7,0.25,0.63,0.618,0.011,1.808,,,,,,,,,,,,,,
 ,B7, ,0.607, , , ,,,,,,,,,,,,,,
 ,C7, ,0.617, , , ,,,,,,,,,,,,,,
Amoxicillin_07,A8,0.125,0.659,0.657,0.031,4.675,,,,,,,,,,,,,,
 ,B8, ,0.626, , , ,,,,,,,,,,,,,,
 ,C8, ,0.687, , , ,,,,,,,,,,,,,,
Amoxicillin_08,A9,0.063,0.669,0.655,0.033,5.048,,,,,,,,,,,,,,
 ,B9, ,0.618, , , ,,,,,,,,,,,,,,
 ,C9, ,0.68, , , ,,,,,,,,,,,,,,
Amoxicillin_09,A10,0.031,0.632,0.632,0.003,0.515,,,,,,,,,,,,,,
 ,B10, ,0.635, , , ,,,,,,,,,,,,,,
 ,C10, ,0.628, , , ,,,,,,,,,,,,,,
Amoxicillin_10,A11,0.016,0.678,0.67,0.028,4.163,,,,,,,,,,,,,,
 ,B11, ,0.694, , , ,,,,,,,,,,,,,,
 ,C11, ,0.639, , , ,,,,,,,,,,,,,,
Ampicillin_,A1,16,0.563,0.517,0.04,7.716,,,,,,,,,,,,,,
 ,B1, ,0.498, , , ,,,,,,,,,,,,,,
 ,C1, ,0.489, , , ,,,,,,,,,,,,,,
Ampicillin_01,A2,8,0.784,0.79,0.021,2.699,,,,,,,,,,,,,,
 ,B2, ,0.814, , , ,,,,,,,,,,,,,,
 ,C2, ,0.773, , , ,,,,,,,,,,,,,,
Ampicillin_02,A3,4,0.681,0.731,0.044,6.013,,,,,,,,,,,,,,
 ,B3, ,0.751, , , ,,,,,,,,,,,,,,
 ,C3, ,0.761, , , ,,,,,,,,,,,,,,
Ampicillin_03,A4,2,0.698,0.683,0.013,1.959,,,,,,,,,,,,,,
 ,B4, ,0.676, , , ,,,,,,,,,,,,,,
 ,C4, ,0.675, , , ,,,,,,,,,,,,,,
Ampicillin_04,A5,1,0.705,0.734,0.025,3.451,,,,,,,,,,,,,,
 ,B5, ,0.748, , , ,,,,,,,,,,,,,,
 ,C5, ,0.749, , , ,,,,,,,,,,,,,,
Ampicillin_05,A6,0.5,0.714,0.706,0.027,3.857,,,,,,,,,,,,,,
 ,B6, ,0.728, , , ,,,,,,,,,,,,,,
 ,C6, ,0.676, , , ,,,,,,,,,,,,,,
Ampicillin_06,A7,0.25,0.706,0.729,0.054,7.44,,,,,,,,,,,,,,
 ,B7, ,0.69, , , ,,,,,,,,,,,,,,
 ,C7, ,0.791, , , ,,,,,,,,,,,,,,
Ampicillin_07,A8,0.125,0.705,0.722,0.049,6.742,,,,,,,,,,,,,,
 ,B8, ,0.684, , , ,,,,,,,,,,,,,,
 ,C8, ,0.777, , , ,,,,,,,,,,,,,,
Ampicillin_08,A9,0.063,0.712,0.698,0.028,4.077,,,,,,,,,,,,,,
 ,B9, ,0.665, , , ,,,,,,,,,,,,,,
 ,C9, ,0.717, , , ,,,,,,,,,,,,,,
Ampicillin_09,A10,0.031,0.735,0.725,0.051,6.989,,,,,,,,,,,,,,
 ,B10, ,0.669, , , ,,,,,,,,,,,,,,
 ,C10, ,0.769, , , ,,,,,,,,,,,,,,
Ampicillin_10,A11,0,0.688,0.739,0.045,6.067,,,,,,,,,,,,,,
 ,B11, ,0.764, , , ,,,,,,,,,,,,,,
 ,C11, ,0.767, , , ,,,,,,,,,,,,,,
Ciprofloxacin_,E1,4,0.002,0.001,0.001,113.173,,,,,,,,,,,,,,
 ,F1, ,0.001, , , ,,,,,,,,,,,,,,
 ,G1, ,0, , , ,,,,,,,,,,,,,,
Ciprofloxacin_01,E2,2,0.001,0.001,0,16.973,,,,,,,,,,,,,,
 ,F2, ,0.001, , , ,,,,,,,,,,,,,,
 ,G2, ,0.001, , , ,,,,,,,,,,,,,,
Ciprofloxacin_02,E3,1,0.001,0.001,0,72.356,,,,,,,,,,,,,,
 ,F3, ,0.001, , , ,,,,,,,,,,,,,,
 ,G3, ,0, , , ,,,,,,,,,,,,,,
Ciprofloxacin_03,E4,0.5,0.001,0.001,0,37.749,,,,,,,,,,,,,,
 ,F4, ,0, , , ,,,,,,,,,,,,,,
 ,G4, ,0.001, , , ,,,,,,,,,,,,,,
Ciprofloxacin_04,E5,0.25,0.001,0.001,0,67.512,,,,,,,,,,,,,,
 ,F5, ,0.001, , , ,,,,,,,,,,,,,,
 ,G5, ,0, , , ,,,,,,,,,,,,,,
Ciprofloxacin_05,E6,0.125,0.199,0.137,0.101,74.148,,,,,,,,,,,,,,
 ,F6, ,0.192, , , ,,,,,,,,,,,,,,
 ,G6, ,0.02, , , ,,,,,,,,,,,,,,
Ciprofloxacin_06,E7,0.063,0.614,0.539,0.114,21.223,,,,,,,,,,,,,,
 ,F7, ,0.596, , , ,,,,,,,,,,,,,,
 ,G7, ,0.408, , , ,,,,,,,,,,,,,,
Ciprofloxacin_07,E8,0.031,0.561,0.487,0.065,13.255,,,,,,,,,,,,,,
 ,F8, ,0.459, , , ,,,,,,,,,,,,,,
 ,G8, ,0.441, , , ,,,,,,,,,,,,,,
Ciprofloxacin_08,E9,0.016,0.546,0.55,0.021,3.735,,,,,,,,,,,,,,
 ,F9, ,0.572, , , ,,,,,,,,,,,,,,
 ,G9, ,0.531, , , ,,,,,,,,,,,,,,
Ciprofloxacin_09,E10,0.008,0.524,0.597,0.095,15.943,,,,,,,,,,,,,,
 ,F10, ,0.563, , , ,,,,,,,,,,,,,,
 ,G10, ,0.705, , , ,,,,,,,,,,,,,,
Ciprofloxacin_10,E11,0.004,0.675,0.535,0.148,27.636,,,,,,,,,,,,,,
 ,F11, ,0.549, , , ,,,,,,,,,,,,,,
 ,G11, ,0.38, , , ,,,,,,,,,,,,,,
Ciprofloxacin_11,A10,0,0.605,0.639,0.048,7.517,,,,,,,,,,,,,,
 ,B10, ,0.694, , , ,,,,,,,,,,,,,,
 ,C10, ,0.619, , , ,,,,,,,,,,,,,,
Gentamycin_,E1,32,0,0,0.001,278.388,,,,,,,,,,,,,,
 ,F1, ,0, , , ,,,,,,,,,,,,,,
 ,G1, ,-0.001, , , ,,,,,,,,,,,,,,
Gentamycin_01,E2,16,0,-0.001,0,32.868,,,,,,,,,,,,,,
 ,F2, ,-0.001, , , ,,,,,,,,,,,,,,
 ,G2, ,-0.001, , , ,,,,,,,,,,,,,,
Gentamycin_02,E3,8,0.001,0,0.001,219.926,,,,,,,,,,,,,,
 ,F3, ,0, , , ,,,,,,,,,,,,,,
 ,G3, ,0, , , ,,,,,,,,,,,,,,
Gentamycin_03,E4,4,0.001,0,0.001,327.872,,,,,,,,,,,,,,
 ,F4, ,0, , , ,,,,,,,,,,,,,,
 ,G4, ,-0.001, , , ,,,,,,,,,,,,,,
Gentamycin_04,E5,2,0,0,0.001,290.593,,,,,,,,,,,,,,
 ,F5, ,0, , , ,,,,,,,,,,,,,,
 ,G5, ,0.001, , , ,,,,,,,,,,,,,,
Gentamycin_05,E6,1,0,0,0,123.718,,,,,,,,,,,,,,
 ,F6, ,0, , , ,,,,,,,,,,,,,,
 ,G6, ,0, , , ,,,,,,,,,,,,,,
Gentamycin_06,E7,0.5,0,0.001,0.001,84.213,,,,,,,,,,,,,,
 ,F7, ,0.002, , , ,,,,,,,,,,,,,,
 ,G7, ,0.002, , , ,,,,,,,,,,,,,,
Gentamycin_07,E8,0.25,0.767,0.801,0.063,7.819,,,,,,,,,,,,,,
 ,F8, ,0.873, , , ,,,,,,,,,,,,,,
 ,G8, ,0.763, , , ,,,,,,,,,,,,,,
Gentamycin_08,E9,0.125,0.703,0.724,0.06,8.275,,,,,,,,,,,,,,
 ,F9, ,0.792, , , ,,,,,,,,,,,,,,
 ,G9, ,0.678, , , ,,,,,,,,,,,,,,
Gentamycin_09,E10,0.063,0.643,0.634,0.009,1.453,,,,,,,,,,,,,,
 ,F10, ,0.624, , , ,,,,,,,,,,,,,,
 ,G10, ,0.634, , , ,,,,,,,,,,,,,,
Kanamycin_,A1,125,0.612,0.645,0.034,5.277,,,,,,,,,,,,,,
 ,B1, ,0.642, , , ,,,,,,,,,,,,,,
 ,C1, ,0.68, , , ,,,,,,,,,,,,,,
Kanamycin_01,A2,62.5,0.514,0.607,0.083,13.627,,,,,,,,,,,,,,
 ,B2, ,0.634, , , ,,,,,,,,,,,,,,
 ,C2, ,0.673, , , ,,,,,,,,,,,,,,
Kanamycin_02,A3,31.25,0.635,0.587,0.066,11.26,,,,,,,,,,,,,,
 ,B3, ,0.615, , , ,,,,,,,,,,,,,,
 ,C3, ,0.512, , , ,,,,,,,,,,,,,,
Kanamycin_03,A4,15.625,0.675,0.643,0.033,5.156,,,,,,,,,,,,,,
 ,B4, ,0.645, , , ,,,,,,,,,,,,,,
 ,C4, ,0.609, , , ,,,,,,,,,,,,,,
Kanamycin_04,A5,7.813,0.662,0.677,0.043,6.376,,,,,,,,,,,,,,
 ,B5, ,0.643, , , ,,,,,,,,,,,,,,
 ,C5, ,0.725, , , ,,,,,,,,,,,,,,
Kanamycin_05,A6,3.906,0.655,0.664,0.029,4.377,,,,,,,,,,,,,,
 ,B6, ,0.697, , , ,,,,,,,,,,,,,,
 ,C6, ,0.641, , , ,,,,,,,,,,,,,,
Kanamycin_06,A7,1.953,0.627,0.664,0.044,6.552,,,,,,,,,,,,,,
 ,B7, ,0.654, , , ,,,,,,,,,,,,,,
 ,C7, ,0.712, , , ,,,,,,,,,,,,,,
Kanamycin_07,A8,0.977,0.692,0.686,0.05,7.302,,,,,,,,,,,,,,
 ,B8, ,0.633, , , ,,,,,,,,,,,,,,
 ,C8, ,0.732, , , ,,,,,,,,,,,,,,
Kanamycin_08,A9,0.488,0.669,0.695,0.023,3.362,,,,,,,,,,,,,,
 ,B9, ,0.712, , , ,,,,,,,,,,,,,,
 ,C9, ,0.706, , , ,,,,,,,,,,,,,,
Kanamycin_09,A10,0,0.751,0.744,0.019,2.543,,,,,,,,,,,,,,
 ,B10, ,0.759, , , ,,,,,,,,,,,,,,
 ,C10, ,0.723, , , ,,,,,,,,,,,,,,
PolyB_,E1,4,0.001,0.001,0,52.715,,,,,,,,,,,,,,
 ,F1, ,0.001, , , ,,,,,,,,,,,,,,
 ,G1, ,0.001, , , ,,,,,,,,,,,,,,
PolyB_01,E2,2,0,0,0,41.66,,,,,,,,,,,,,,
 ,F2, ,0, , , ,,,,,,,,,,,,,,
 ,G2, ,0.001, , , ,,,,,,,,,,,,,,
PolyB_02,E3,1,0.609,0.646,0.05,7.676,,,,,,,,,,,,,,
 ,F3, ,0.702, , , ,,,,,,,,,,,,,,
 ,G3, ,0.627, , , ,,,,,,,,,,,,,,
PolyB_03,E4,0.5,0.743,0.768,0.022,2.829,,,,,,,,,,,,,,
 ,F4, ,0.776, , , ,,,,,,,,,,,,,,
 ,G4, ,0.784, , , ,,,,,,,,,,,,,,
PolyB_04,E5,0.25,0.615,0.714,0.104,14.582,,,,,,,,,,,,,,
 ,F5, ,0.705, , , ,,,,,,,,,,,,,,
 ,G5, ,0.823, , , ,,,,,,,,,,,,,,
PolyB_05,E6,0.125,0.654,0.73,0.069,9.424,,,,,,,,,,,,,,
 ,F6, ,0.789, , , ,,,,,,,,,,,,,,
 ,G6, ,0.746, , , ,,,,,,,,,,,,,,
Vancomycin_,E1,8,0.621,0.564,0.089,15.821,,,,,,,,,,,,,,
 ,F1, ,0.609, , , ,,,,,,,,,,,,,,
 ,G1, ,0.461, , , ,,,,,,,,,,,,,,
Vancomycin_01,E2,4,0.564,0.661,0.084,12.775,,,,,,,,,,,,,,
 ,F2, ,0.718, , , ,,,,,,,,,,,,,,
 ,G2, ,0.701, , , ,,,,,,,,,,,,,,
Vancomycin_02,E3,2,0.59,0.595,0.008,1.416,,,,,,,,,,,,,,
 ,F3, ,0.591, , , ,,,,,,,,,,,,,,
 ,G3, ,0.605, , , ,,,,,,,,,,,,,,
Vancomycin_03,E4,1,0.598,0.629,0.028,4.447,,,,,,,,,,,,,,
 ,F4, ,0.652, , , ,,,,,,,,,,,,,,
 ,G4, ,0.638, , , ,,,,,,,,,,,,,,
Vancomycin_04,E5,0.5,0.624,0.613,0.012,1.965,,,,,,,,,,,,,,
 ,F5, ,0.615, , , ,,,,,,,,,,,,,,
 ,G5, ,0.6, , , ,,,,,,,,,,,,,,
Vancomycin_05,E6,0.25,0.593,0.61,0.037,6.087,,,,,,,,,,,,,,
 ,F6, ,0.585, , , ,,,,,,,,,,,,,,
 ,G6, ,0.653, , , ,,,,,,,,,,,,,,
Vancomycin_06,E7,0.125,0.618,0.618,0.063,10.264,,,,,,,,,,,,,,
 ,F7, ,0.554, , , ,,,,,,,,,,,,,,
 ,G7, ,0.681, , , ,,,,,,,,,,,,,,
Vancomycin_07,E8,0.063,0.593,0.621,0.029,4.737,,,,,,,,,,,,,,
 ,F8, ,0.62, , , ,,,,,,,,,,,,,,
 ,G8, ,0.652, , , ,,,,,,,,,,,,,,
Vancomycin_08,E10,0,0.694,0.597,0.087,14.534,,,,,,,,,,,,,,
 ,F10, ,0.567, , , ,,,,,,,,,,,,,,
 ,G10, ,0.529, , , ,,,,,,,,,,,,,,
,,,,,,,,,,,,,,,,,,,,
Group Column,Formula Name,Formula,Precision,Notation,,,,,,,,,,,,,,,,
1,Sample,!SampleNames,3 decimal places,Numeric,,,,,,,,,,,,,,,,
2,Well,!WellIDs,3 decimal places,Numeric,,,,,,,,,,,,,,,,
3,Concentration (mg/L),!SampleDescriptor,3 decimal places,Numeric,,,,,,,,,,,,,,,,
4,Values,!WellValues,3 decimal places,Numeric,,,,,,,,,,,,,,,,
5,MeanValue,Average(!WellValues),3 decimal places,Numeric,,,,,,,,,,,,,,,,
6,Std.Dev.,Stdev(!WellValues),3 decimal places,Numeric,,,,,,,,,,,,,,,,
7,CV%,Cv(!WellValues),3 decimal places,Numeric,,,,,,,,,,,,,,,,
,,,,,,,,,,,,,,,,,,,,
Group Summaries,,,,,,,,,,,,,,,,,,,,
~End ,,,,,,,,,,,,,,,,,,,,
"Original Filename: 210513 - MIC_EC,SA,PA QC_Antibiotics in mg per L; Date Last Saved: 13/05/2021 18:24:26",,,,,,,,,,,,,,,,,,,,
